Database	Plasmid	Identity	Query / Template length	Contig	Position in contig	Note	Accession number
RepA_N	rep17	100.0	1041 / 1041	NODE_9_length_12383_cov_107.938514	4055..5095	CDS29(pRUM)	AF507977
RepA_N	repUS15	99.71	1041 / 1041	NODE_3_length_223476_cov_101.276715	219456..220496	repA(pNB2354p1)	CP004064
Inc18	rep1	100.0	1491 / 1491	NODE_7_length_31723_cov_213.337470	9834..11324	repE(pAMbeta)	AF007787
Inc18	rep2	100.0	1494 / 1494	NODE_7_length_31723_cov_213.337470	20178..21671	orf1(pRE25)	X92945
Inc18	repUS7	100.0	1602 / 1602	NODE_5_length_62897_cov_74.026034	21672..23273	rep(pMG1)	AB206333
Rep3	rep29	100.0	738 / 738	NODE_10_length_9373_cov_146.758532	108..845	EFAU085p4001(Aus0085p4)	Aus0085
